app,fixed_ipc, 350_ipc,450_ipc,550_ipc,
moses,1.345681,1.191001,1.136128,1.064058,
